{"polyfill":["/polyfill-bc924474e62d4536d3ec.js"],"app":["/app-7a036751658626e841fd.js"],"component---src-pages-404-js":["/component---src-pages-404-js-0177353437059571558e.js"],"component---src-pages-contact-me-js":["/component---src-pages-contact-me-js-ef396baefe88225e08cd.js"],"component---src-pages-index-js":["/component---src-pages-index-js-f26655e4e026683bfdb6.js"],"component---src-pages-my-works-js":["/component---src-pages-my-works-js-1ba48d1b14c6cccd6386.js"],"component---src-pages-this-page-was-built-using-react-gatsby-js":["/component---src-pages-this-page-was-built-using-react-gatsby-js-f4b339608ef3b76525f5.js"]}