{"namedChunkGroups":{"polyfill":{"name":"polyfill","assets":[{"name":"webpack-runtime-d783fee5f31742da26ec.js","size":4503},{"name":"polyfill-bc924474e62d4536d3ec.js","size":82637}],"filteredAssets":0,"assetsSize":87140,"filteredAuxiliaryAssets":2,"auxiliaryAssetsSize":219116},"app":{"name":"app","assets":[{"name":"webpack-runtime-d783fee5f31742da26ec.js","size":4503},{"name":"styles.e321b8da2f4668a63777.css","size":2607},{"name":"framework-45ac8c4a811febdfafe4.js","size":128913},{"name":"app-7a036751658626e841fd.js","size":50971}],"filteredAssets":0,"assetsSize":186994,"filteredAuxiliaryAssets":3,"auxiliaryAssetsSize":548038},"component---src-pages-404-js":{"name":"component---src-pages-404-js","assets":[{"name":"component---src-pages-404-js-0177353437059571558e.js","size":346}],"filteredAssets":0,"assetsSize":346,"filteredAuxiliaryAssets":1,"auxiliaryAssetsSize":364},"component---src-pages-contact-me-js":{"name":"component---src-pages-contact-me-js","assets":[{"name":"styles.e321b8da2f4668a63777.css","size":2607},{"name":"component---src-pages-contact-me-js-ef396baefe88225e08cd.js","size":2941}],"filteredAssets":0,"assetsSize":5548,"filteredAuxiliaryAssets":1,"auxiliaryAssetsSize":7664},"component---src-pages-index-js":{"name":"component---src-pages-index-js","assets":[{"name":"styles.e321b8da2f4668a63777.css","size":2607},{"name":"component---src-pages-index-js-f26655e4e026683bfdb6.js","size":42191}],"filteredAssets":0,"assetsSize":44798,"filteredAuxiliaryAssets":2,"auxiliaryAssetsSize":341738},"component---src-pages-my-works-js":{"name":"component---src-pages-my-works-js","assets":[{"name":"styles.e321b8da2f4668a63777.css","size":2607},{"name":"component---src-pages-my-works-js-1ba48d1b14c6cccd6386.js","size":3502}],"filteredAssets":0,"assetsSize":6109,"filteredAuxiliaryAssets":1,"auxiliaryAssetsSize":8907},"component---src-pages-this-page-was-built-using-react-gatsby-js":{"name":"component---src-pages-this-page-was-built-using-react-gatsby-js","assets":[{"name":"component---src-pages-this-page-was-built-using-react-gatsby-js-f4b339608ef3b76525f5.js","size":360}],"filteredAssets":0,"assetsSize":360,"filteredAuxiliaryAssets":1,"auxiliaryAssetsSize":401}},"assetsByChunkName":{"polyfill":["webpack-runtime-d783fee5f31742da26ec.js","polyfill-bc924474e62d4536d3ec.js"],"app":["webpack-runtime-d783fee5f31742da26ec.js","styles.e321b8da2f4668a63777.css","framework-45ac8c4a811febdfafe4.js","app-7a036751658626e841fd.js"],"component---src-pages-404-js":["component---src-pages-404-js-0177353437059571558e.js"],"component---src-pages-contact-me-js":["styles.e321b8da2f4668a63777.css","component---src-pages-contact-me-js-ef396baefe88225e08cd.js"],"component---src-pages-index-js":["styles.e321b8da2f4668a63777.css","component---src-pages-index-js-f26655e4e026683bfdb6.js"],"component---src-pages-my-works-js":["styles.e321b8da2f4668a63777.css","component---src-pages-my-works-js-1ba48d1b14c6cccd6386.js"],"component---src-pages-this-page-was-built-using-react-gatsby-js":["component---src-pages-this-page-was-built-using-react-gatsby-js-f4b339608ef3b76525f5.js"]},"childAssetsByChunkName":{}}